epoch,task,loss_avg,loss_test,acc_test,all_acc,best_acc,smi,tdi
0.0,0.0,28.956454585014008,5.321735112274629,1.24569927368132,0.9240863096613223,0.9240863096613223,,
1.0,0.0,10.108673141616622,5.2244465355435015,1.2142276313659521,0.6976851637942983,0.9240863096613223,,
2.0,0.0,5.374315290025637,5.062049700657905,2.428800803639308,1.7188005359700596,1.7188005359700596,,
3.0,0.0,4.464358976431653,4.8369646574820315,5.768211773001641,4.495679896502334,4.495679896502334,,
4.0,0.0,4.1487536431023555,4.726970069376135,7.52431488491238,6.3068890634385255,6.3068890634385255,,
5.0,0.0,3.921528891923381,4.598204241389594,9.440223168891078,7.734602411865268,7.734602411865268,,
6.0,0.0,3.814053287261062,4.517463651865748,10.7746941521649,9.240863096613223,9.240863096613223,,
7.0,0.0,3.663496278081245,4.477037156322373,11.506474335873971,9.827657903248163,9.827657903248163,,
8.0,0.0,3.6649535224807805,4.436316363395262,12.625626858748735,10.483759183107702,10.483759183107702,,
9.0,0.0,3.54489162912322,4.40871715721128,13.246257129608656,11.089035715935868,11.089035715935868,0.23007316645234824,
10.0,1.0,3.6313530202050948,4.321148482062145,15.003645394279673,13.570207457376519,13.570207457376519,,
11.0,1.0,3.578316424721095,4.243169661667277,16.00088642090761,14.096936653883473,14.096936653883473,,
12.0,1.0,3.499286603369755,4.2174253858382205,16.302269040414018,14.669870165873492,14.669870165873492,,
13.0,1.0,3.453331180654838,4.150851538184599,17.762217107972575,15.797255463660306,15.797255463660306,,
14.0,1.0,3.3891575023316536,4.146753120157195,17.41383712304272,15.815737189853532,15.815737189853532,,
15.0,1.0,3.3437944350866347,4.114619476084064,17.745575128674112,16.522663216744444,16.522663216744444,,
16.0,1.0,3.354396341295434,4.105740382059387,17.63135618253387,16.76292565725639,16.76292565725639,,
17.0,1.0,3.2871259195635796,4.061960803533336,18.84741341148085,17.42826780021254,17.42826780021254,,
18.0,1.0,3.2767234432982177,4.052851115296746,19.232541616122365,17.377443053181167,17.42826780021254,,
19.0,1.0,3.264726325269946,4.037702456851578,19.948594401977957,17.580742041306657,17.580742041306657,0.265033620223403,0.301096982373966
20.0,2.0,3.44009844133058,3.980052840998521,20.369118026995444,19.729242711269233,19.729242711269233,,
21.0,2.0,3.3574385920868854,3.954258328829186,21.399729449672577,20.08501594048884,20.08501594048884,,
22.0,2.0,3.343073527318058,3.9096399849272574,21.72233243124861,20.288314928614334,20.288314928614334,,
23.0,2.0,3.3237448964899947,3.90584307821685,22.951085745666443,20.704153767961927,20.704153767961927,,
24.0,2.0,3.267463442755532,3.92029258683582,22.3235374463376,20.34838053874232,20.704153767961927,,
25.0,2.0,3.244579802495223,3.892997478961454,22.941286925251454,20.736496788800075,20.736496788800075,,
26.0,2.0,3.24406375275523,3.8594754819922485,22.62940786503396,20.976759229312016,20.976759229312016,,
27.0,2.0,3.2075790489427525,3.8395551737905875,23.511854173511132,21.24936469066211,21.24936469066211,,
28.0,2.0,3.161459343361302,3.8663320024666143,23.37355050979449,21.184678648985816,21.24936469066211,,
29.0,2.0,3.193322224557051,3.8243189964045334,23.560745975254964,21.974772443746247,21.974772443746247,0.2354436844587326,0.295781393136297
30.0,3.0,3.356460217653762,3.7587063002011325,24.263315068320924,23.03285126830846,23.03285126830846,,
31.0,3.0,3.306750272808613,3.731196381110267,24.352358515967925,23.59192348565356,23.59192348565356,,
32.0,3.0,3.2752227573185024,3.7302918258800646,24.491794415130826,23.59192348565356,23.59192348565356,,
33.0,3.0,3.245029295167297,3.7652688571176234,24.451928794649685,23.365522339786537,23.59192348565356,,
34.0,3.0,3.221324855169727,3.7022495065387018,26.048866146695065,24.058587072032527,24.058587072032527,,
35.0,3.0,3.192710894830517,3.6940189902621356,25.872083045159492,24.280367786351245,24.280367786351245,,
36.0,3.0,3.1693596751565254,3.6870417647636833,26.40095141884858,24.69620662569884,24.69620662569884,,
37.0,3.0,3.1470276343534405,3.7110322354377963,25.63471639784595,23.966178441066397,24.69620662569884,,
38.0,3.0,3.160837429005377,3.7156810518080383,24.921867274384688,23.762879452940904,24.69620662569884,,
39.0,3.0,3.142175544366973,3.6685372803677856,26.169675357726128,23.96155800951809,24.69620662569884,0.24358583875000478,0.27978788577873287
40.0,4.0,3.27836800186614,3.6547901550618014,25.712859176945592,25.657256387746614,25.657256387746614,,
41.0,4.0,3.213419572252114,3.629873408894814,26.50803321509777,26.63678787598762,26.63678787598762,,
42.0,4.0,3.1984085217577665,3.620435719889162,27.16008339779624,26.858568590306334,26.858568590306334,,
43.0,4.0,3.1678181895986275,3.6219156927871046,27.351134858893744,26.844707295661415,26.858568590306334,,
44.0,4.0,3.204499664075854,3.583992066722587,27.3253339533683,27.011042831400452,27.011042831400452,,
45.0,4.0,3.1537047856463705,3.6324992429185343,26.273713369756955,25.994547890773,27.011042831400452,,
46.0,4.0,3.120763174263836,3.6132503263434996,26.29605604183695,26.290255509864622,27.011042831400452,,
47.0,4.0,3.130522872036027,3.5736177170393177,27.38555339894193,26.91863420043432,27.011042831400452,,
48.0,4.0,3.102198903540895,3.5985099824103655,26.36052681853941,26.21170817354341,27.011042831400452,,
49.0,4.0,3.0988414059559197,3.6041831940861884,26.708218239834043,26.165503858060344,27.011042831400452,0.23445236794650554,0.27572953407400347
50.0,0.0,3.270351871019065,3.438575615009655,29.389201362390814,28.397172295892435,28.397172295892435,,
51.0,0.0,3.2436205961306888,3.4082375237980775,29.245832390729113,28.286281938733076,28.397172295892435,,
52.0,0.0,3.1870796548470954,3.4183939593385437,29.582896917217475,28.240077623250013,28.397172295892435,,
53.0,0.0,3.1786484462813616,3.386445722014424,29.23855073226223,28.277041075636465,28.397172295892435,,
54.0,0.0,3.1401316488669586,3.4079114955053464,28.441779289708727,27.76417317377443,28.397172295892435,,
55.0,0.0,3.1157762572258902,3.3856398869179154,30.0091862026785,28.618953010211154,28.618953010211154,,
56.0,0.0,3.118727216689925,3.390659906839191,29.937579566796607,28.36482927505429,28.618953010211154,,
57.0,0.0,3.0823202179660143,3.3866739469154545,29.15498690444944,28.531164810793328,28.618953010211154,,
58.0,0.0,3.074652993838202,3.397921944290578,29.146346040958186,27.95823129880331,28.618953010211154,,
59.0,0.0,3.0852645837910635,3.385190028147001,29.064528549400997,27.953610867255,28.618953010211154,0.22281847279518843,0.2693270219442172
60.0,1.0,3.1846847445584325,3.3339298600644547,30.833039978369765,29.79716305502934,29.79716305502934,,
61.0,1.0,3.1677601357417773,3.3233335409126292,31.14043039576321,29.931155569930233,29.931155569930233,,
62.0,1.0,3.14358791432068,3.303153066465781,31.564029498075918,30.499468650371945,30.499468650371945,,
63.0,1.0,3.0929243094634202,3.29338234519034,32.02135497163254,30.319271819987986,30.499468650371945,,
64.0,1.0,3.089422407073344,3.310223898032902,30.88730705263088,29.44138982580973,30.499468650371945,,
65.0,1.0,3.056594127103139,3.3327804296487025,30.790197105781097,29.044032712655362,30.499468650371945,,
66.0,1.0,3.0359007789510972,3.3077485773413167,30.819402520895352,29.067134870396895,30.499468650371945,,
67.0,1.0,3.045287267578231,3.284194182035739,31.499542116812385,29.9080534121887,30.499468650371945,,
68.0,1.0,3.015848529232993,3.320659165387783,31.34332918252922,29.312017742457144,30.499468650371945,,
69.0,1.0,3.010476289686096,3.2699678664058958,31.591154732358756,29.940396433026844,30.499468650371945,0.2602529525756836,0.28465603843448667
70.0,2.0,3.151856948880167,3.2828280597546824,31.39506029009873,31.067781730813657,31.067781730813657,,
71.0,2.0,3.12720786021633,3.234812699169332,32.87431571488576,31.520584022547705,31.520584022547705,,
72.0,2.0,3.1016129524506004,3.256504864524037,33.389556562478234,31.617613085062146,31.617613085062146,,
73.0,2.0,3.0832854454958527,3.2668341446322082,32.56352447529612,31.409693665388346,31.617613085062146,,
74.0,2.0,3.0707120774946226,3.2560158612783283,32.390191242029324,30.93840964746107,31.617613085062146,,
75.0,2.0,3.051363904577721,3.215091186776289,33.074424100623254,31.428175391581572,31.617613085062146,,
76.0,2.0,3.026558021997928,3.2435222888233985,32.43890292949788,31.104745183200112,31.617613085062146,,
77.0,2.0,3.0325568985224267,3.1928547031702097,32.61435690296894,31.469759275516335,31.617613085062146,,
78.0,2.0,3.0033552780853827,3.2124735376846223,32.72669772753779,30.850621448043245,31.617613085062146,,
79.0,2.0,2.993374230133985,3.25132124012867,31.720126876394982,30.102111537217578,31.617613085062146,0.2344476915895939,0.2866156301328114
80.0,3.0,3.1491301836177046,3.21984386366843,33.29417692449714,32.26909393337338,32.26909393337338,,
81.0,3.0,3.1198238082929377,3.195164330199637,34.64362610618172,32.85126830846001,32.85126830846001,,
82.0,3.0,3.0774513539182062,3.2127184479102224,33.5438623583099,32.51859723698193,32.85126830846001,,
83.0,3.0,3.076226982678586,3.1834001480153136,34.4736876068223,33.01298341265074,33.01298341265074,,
84.0,3.0,3.0474159928838285,3.1799885947543975,34.11792751635512,32.560181120916695,33.01298341265074,,
85.0,3.0,3.043812820858385,3.1835107147090547,34.02676143955743,31.84401423092917,33.01298341265074,,
86.0,3.0,3.0019872931108917,3.2159502919386993,33.000338274317,31.197153814166242,33.01298341265074,,
87.0,3.0,3.0289444137659727,3.1786522262553545,34.10643292157086,32.80044356142864,33.01298341265074,,
88.0,3.0,3.0047639079672144,3.1649470813890357,34.012500568450974,32.592524141754836,33.01298341265074,,
89.0,3.0,3.009985465632483,3.1642789693124422,33.87182057426082,32.25523263872846,33.01298341265074,0.23856245167553425,0.27337172741198357
90.0,4.0,3.119488918541975,3.2584003533042876,32.48173569085242,32.301436954211525,33.01298341265074,,
91.0,4.0,3.0728663149422135,3.2521272717819256,32.39585852343682,32.6387284572379,33.01298341265074,,
92.0,4.0,3.085667182025017,3.2311042825693326,32.747961884271334,32.62024673104468,33.01298341265074,,
93.0,4.0,3.0433754833793087,3.2595034621969368,32.77028091217484,32.731137088204036,33.01298341265074,,
94.0,4.0,3.017648257015712,3.2516454435680266,31.61726926489818,31.996488472023287,33.01298341265074,,
95.0,4.0,3.008505014294414,3.24294106377314,32.40808185068814,32.15358314466571,33.01298341265074,,
96.0,4.0,2.9848858132633764,3.26162360928576,31.727399642267166,32.08889710298942,33.01298341265074,,
97.0,4.0,3.004895907990007,3.244281420046478,32.71441346984142,32.68955320426928,33.01298341265074,,
98.0,4.0,2.987025771711566,3.227333306712308,32.860453019733384,32.25523263872846,33.01298341265074,,
99.0,4.0,2.9808776347190107,3.225961164209564,32.92690071969393,32.64796932033452,33.01298341265074,0.23275570943951607,0.2640182038246117
