epoch,task,loss_avg,loss_test,acc_test,all_acc,best_acc,epoch_time_sec,total_time_sec
0.0,0.0,8.509703921260254,2.9969290523690737,10.733045271057822,6.676056338028169,6.676056338028169,4.495360612869263,
1.0,0.0,5.480786123528625,2.9466202539322044,12.734300394732086,12.422535211267606,12.422535211267606,4.076637268066406,
2.0,0.0,5.339041727167188,2.870381391517943,12.75214883031857,10.591549295774648,12.422535211267606,4.07748556137085,
3.0,0.0,5.232608023556796,2.775555939373161,18.53598415617839,17.380281690140844,17.380281690140844,4.085891246795654,
4.0,0.0,5.088485961321629,2.672490920385936,24.492379440243496,19.6056338028169,19.6056338028169,4.074671506881714,
5.0,0.0,5.033301525874572,2.6753534072197285,23.940529048822626,20.422535211267604,20.422535211267604,4.084623336791992,
6.0,0.0,4.99463607152303,2.6011983909718484,20.767854407451523,16.732394366197184,20.422535211267604,4.073936700820923,
7.0,0.0,4.959102951107603,2.5830529155045703,23.049438195275165,20.366197183098592,20.422535211267604,4.128184795379639,
8.0,0.0,4.858152600021073,2.420399678721665,29.984627527475737,25.380281690140844,25.380281690140844,4.129973888397217,
9.0,0.0,4.758558586041133,2.387037292302258,28.424091040369785,27.66197183098592,27.66197183098592,4.134002208709717,
10.0,1.0,5.526460329556064,2.361496564400512,33.46785314313172,32.0,32.0,4.661760091781616,
11.0,1.0,5.151452156980555,2.256646052430002,35.72837228400842,31.295774647887324,32.0,4.621560335159302,
12.0,1.0,5.098600439476605,2.221760032362045,37.07358229231719,33.40845070422535,33.40845070422535,4.64728307723999,
13.0,1.0,5.038082445447016,2.2343638222926296,36.59370962770724,33.521126760563384,33.521126760563384,4.584561347961426,
14.0,1.0,4.844060307183122,2.142094167721418,39.9269828719467,36.478873239436616,36.478873239436616,4.627638101577759,
15.0,1.0,4.781459799432696,2.0586607681039637,43.04084615385211,38.7887323943662,38.7887323943662,4.640208005905151,
16.0,1.0,4.867046046685113,2.043462168234674,43.497319523341744,36.929577464788736,38.7887323943662,4.601609230041504,
17.0,1.0,4.631998164747439,1.9942749672768407,44.28536535127921,36.16901408450704,38.7887323943662,4.628852844238281,
18.0,1.0,4.642878923695159,1.986880711189032,43.570729133147374,36.70422535211268,38.7887323943662,4.607144355773926,
19.0,1.0,4.475660582346859,1.9789193588860383,42.1729503691775,36.53521126760563,38.7887323943662,4.603567123413086,
20.0,2.0,4.939661674851662,1.9699584620456725,42.35961391836748,41.2112676056338,41.2112676056338,4.003947734832764,
21.0,2.0,4.721268040186181,1.9101426897058291,43.74757943241335,42.647887323943664,42.647887323943664,4.008122444152832,
22.0,2.0,4.5698354136419965,1.884340295291134,45.62261565352992,43.38028169014085,43.38028169014085,3.998821973800659,
23.0,2.0,4.46222852288153,1.8436820261810367,46.34802597311297,44.140845070422536,44.140845070422536,4.008710861206055,
24.0,2.0,4.401250858569005,1.86643483762252,45.47607265313688,41.80281690140845,44.140845070422536,3.9875388145446777,
25.0,2.0,4.3091228016388845,1.854470306968103,45.69190302263381,43.014084507042256,44.140845070422536,3.984758138656616,
26.0,2.0,4.256593527342144,1.7929280009579949,50.2887730835722,45.183098591549296,45.183098591549296,4.00688910484314,
27.0,2.0,4.217779031023744,1.766719465502889,47.91072362345376,43.46478873239437,45.183098591549296,4.035499572753906,
28.0,2.0,4.156924866828504,1.835969328125954,45.44647110139676,42.478873239436616,45.183098591549296,4.023081064224243,
29.0,2.0,4.103495812900483,1.771375155775327,48.17275532931338,43.971830985915496,45.183098591549296,4.010809898376465,
30.0,3.0,4.782763893115215,1.8939886584043533,45.26470849671836,46.28169014084507,46.28169014084507,3.255453824996948,
31.0,3.0,4.5176547817022366,1.8629310708162976,44.99423818138133,45.23943661971831,46.28169014084507,3.247215509414673,
32.0,3.0,4.339446713386438,1.8061720444034897,46.71619762540438,46.732394366197184,46.732394366197184,3.249483346939087,
33.0,3.0,4.22880419426698,1.8198789529730357,45.73063349005751,45.83098591549296,46.732394366197184,3.255497694015503,
34.0,3.0,4.128386865609732,1.804604795917898,46.0607161088837,45.014084507042256,46.732394366197184,3.256258487701416,
35.0,3.0,4.065444451484924,1.7661299659031804,46.56435653503812,45.77464788732394,46.732394366197184,3.2555222511291504,
36.0,3.0,3.9951742271215487,1.7805474500676248,44.868125660622326,44.929577464788736,46.732394366197184,3.284786939620972,
37.0,3.0,3.957992615473576,1.7786519322419376,46.40437159244448,44.61971830985915,46.732394366197184,3.283658266067505,
38.0,3.0,3.914458692544546,1.7442699578100982,47.79680250142523,45.04225352112676,46.732394366197184,3.2983243465423584,
39.0,3.0,3.875312621049392,1.7653201614077147,46.16350524052837,45.63380281690141,46.732394366197184,3.3064334392547607,
40.0,4.0,4.976973447852664,1.7141191513496783,49.39862615068289,47.014084507042256,47.014084507042256,3.552682638168335,
41.0,4.0,4.619328080631438,1.673371215368115,49.98015317269934,46.647887323943664,47.014084507042256,3.542606830596924,
42.0,4.0,4.535776333233666,1.6911268080417554,49.27090666256295,46.056338028169016,47.014084507042256,3.5159504413604736,
43.0,4.0,4.292372019056289,1.6864917551373293,48.26402620420176,45.014084507042256,47.014084507042256,3.512807130813598,
44.0,4.0,4.187295328598173,1.6504325241657738,50.7582469307268,46.19718309859155,47.014084507042256,3.5208170413970947,
45.0,4.0,4.083661380975966,1.629031261037585,53.1211385726854,46.394366197183096,47.014084507042256,3.5151822566986084,
46.0,4.0,4.008617021447136,1.6539579189568137,51.91949915311407,47.352112676056336,47.352112676056336,3.5181002616882324,
47.0,4.0,3.994524563032484,1.653471314738992,52.48899881720728,46.59154929577465,47.352112676056336,3.512202501296997,
48.0,4.0,4.023392309964649,1.679599595090416,52.968464450088696,45.40845070422535,47.352112676056336,3.553637981414795,
49.0,4.0,3.990648158580538,1.6958626910084675,50.8449739842156,45.40845070422535,47.352112676056336,3.528298139572144,
50.0,0.0,5.111667387196512,1.8371114229886103,48.1208982711294,47.40845070422535,47.40845070422535,4.117805004119873,
51.0,0.0,4.685729724927382,1.7989513928419651,48.62804601312563,46.225352112676056,47.40845070422535,4.108473062515259,
52.0,0.0,4.436655143174258,1.8135403062506987,49.326774701407885,46.67605633802817,47.40845070422535,4.096654176712036,
53.0,0.0,4.336787831385931,1.7641973550330785,50.99527052610038,47.12676056338028,47.40845070422535,4.093510866165161,
54.0,0.0,4.27471564726396,1.8203159872516188,49.2889195910599,46.50704225352113,47.40845070422535,4.0904505252838135,
55.0,0.0,4.226931847731272,1.8356859271042787,49.52952434326646,46.33802816901409,47.40845070422535,4.091249942779541,
56.0,0.0,4.144618512807471,1.8241933015519265,49.60833469860698,45.74647887323944,47.40845070422535,4.11536169052124,
57.0,0.0,4.089073743332516,1.8101141557650275,49.67812141042388,46.394366197183096,47.40845070422535,4.133275985717773,
58.0,0.0,4.054475801063306,1.7738272385386764,50.58398955619244,45.74647887323944,47.40845070422535,4.110664129257202,
59.0,0.0,4.09488358114705,1.8330278986310848,49.649914468228346,46.45070422535211,47.40845070422535,4.122600317001343,
60.0,1.0,4.916031582756623,1.7795501354768597,50.4967791127747,48.563380281690144,48.563380281690144,4.6622314453125,
61.0,1.0,4.6460408988557,1.7498679668763426,51.924475946350775,48.84507042253521,48.84507042253521,4.648877859115601,
62.0,1.0,4.4441127324869285,1.7662597817205854,51.621758356776255,48.647887323943664,48.84507042253521,4.628289937973023,
63.0,1.0,4.341945875132835,1.7345750763921342,53.107988438918525,49.2112676056338,49.2112676056338,4.637845754623413,
64.0,1.0,4.2575127066049685,1.7306251228945393,51.918731170991066,48.59154929577465,49.2112676056338,4.61723256111145,
65.0,1.0,4.34875725106024,1.8020288291348607,51.71871848413021,46.84507042253521,49.2112676056338,4.629951477050781,
66.0,1.0,4.191395849296951,1.7804076600352878,52.83160399716006,48.563380281690144,49.2112676056338,4.675891637802124,
67.0,1.0,4.159706578312319,1.768130999311634,53.56632970852701,48.985915492957744,49.2112676056338,4.692150354385376,
68.0,1.0,4.212758669784068,1.814647490685639,51.73213129433043,48.70422535211268,49.2112676056338,4.6951775550842285,
69.0,1.0,4.191997113994785,1.82942199053414,52.7853821762255,47.83098591549296,49.2112676056338,4.644895553588867,
70.0,2.0,4.73842057157977,1.700074790666396,53.96350694544304,50.16901408450704,50.16901408450704,4.0061445236206055,
71.0,2.0,4.448045110646744,1.6905904713406066,53.48413390469068,49.54929577464789,50.16901408450704,3.980254411697388,
72.0,2.0,4.287649843011185,1.6855168946503014,55.27522411716021,50.19718309859155,50.19718309859155,3.9845924377441406,
73.0,2.0,4.178756806225406,1.6526971052654291,55.5556668232467,50.19718309859155,50.19718309859155,3.9841465950012207,
74.0,2.0,4.099211883834928,1.665274260196405,54.96318407101703,50.140845070422536,50.19718309859155,3.983574390411377,
75.0,2.0,4.048984828986421,1.6834817271877325,56.10893119745382,51.12676056338028,51.12676056338028,3.979814052581787,
76.0,2.0,4.011745213022606,1.7203287279602466,54.84187371979842,50.225352112676056,51.12676056338028,3.9798195362091056,
77.0,2.0,3.964534047913133,1.667920920777679,55.58278559080204,51.04225352112676,51.12676056338028,3.9821624755859375,
78.0,2.0,3.907049073839944,1.6778894719244597,53.80576783334772,50.87323943661972,51.12676056338028,4.012614011764526,
79.0,2.0,3.886792838054392,1.696556245237823,54.63156685488226,50.0281690140845,51.12676056338028,4.029134035110474,
80.0,3.0,4.600872736337857,1.754271450501046,52.42311478652853,51.38028169014085,51.38028169014085,3.275460958480835,
81.0,3.0,4.300356322893729,1.7252341992652855,53.34318063617184,51.38028169014085,51.38028169014085,3.2481110095977783,
82.0,3.0,4.129610373154664,1.7162012610109276,51.55504040145026,50.309859154929576,51.38028169014085,3.251826047897339,
83.0,3.0,4.051300525983175,1.7140517318445518,52.192521520501984,50.67605633802817,51.38028169014085,3.2474470138549805,
84.0,3.0,3.9625158192744623,1.7101367298311083,54.25080179234102,50.45070422535211,51.38028169014085,3.251718759536743,
85.0,3.0,3.900597317053722,1.7077536922410672,54.342019740866746,50.28169014084507,51.38028169014085,3.265878677368164,
86.0,3.0,3.861564160285852,1.739842540098519,53.36604618641447,49.83098591549296,51.38028169014085,3.2536935806274414,
87.0,3.0,3.8190094636464726,1.724733649787891,54.10936047935195,50.50704225352113,51.38028169014085,3.2564172744750977,
88.0,3.0,3.77502964862799,1.739899901472736,53.39583072091841,49.54929577464789,51.38028169014085,3.2849366664886475,
89.0,3.0,3.7712813428243,1.726666784060357,53.25077020251306,49.183098591549296,51.38028169014085,3.260514497756958,
90.0,4.0,4.990148970838577,1.725251511293246,50.031152861250106,51.38028169014085,51.38028169014085,3.515084743499756,
91.0,4.0,4.44800440818166,1.659438913853783,51.82719845805343,50.87323943661972,51.38028169014085,3.526416540145874,
92.0,4.0,4.188711119466358,1.64575250152969,52.88638929130565,51.014084507042256,51.38028169014085,3.5311238765716557,
93.0,4.0,4.06837678263301,1.6821798380385384,52.59737948060507,50.42253521126761,51.38028169014085,3.56125545501709,
94.0,4.0,3.994728894532673,1.6637943410372351,53.71057833017767,51.352112676056336,51.38028169014085,3.5725502967834477,
95.0,4.0,4.015760341852429,1.700043675409863,51.927057179758194,50.225352112676056,51.38028169014085,3.515335321426392,
96.0,4.0,3.8928973911300537,1.686240255234101,53.67955891882367,50.478873239436616,51.38028169014085,3.552093267440796,
97.0,4.0,3.8540777365707215,1.6663746628192904,53.42351867390689,50.84507042253521,51.38028169014085,3.5168120861053467,
98.0,4.0,3.866960965943715,1.6798055962444596,52.84334252202841,51.29577464788732,51.38028169014085,3.5383543968200684,
99.0,4.0,3.795431678045364,1.661796367836446,54.826232360180974,50.478873239436616,51.38028169014085,3.5510754585266118,
,,,,,,,,397.94672083854675
